protein_id	residue_num	residue_name	plddt
insulin_human	1	MET	61.66
insulin_human	2	ALA	69.76
insulin_human	3	LEU	75.53
insulin_human	4	TRP	71.04
insulin_human	5	MET	75.32
insulin_human	6	ARG	73.84
insulin_human	7	LEU	73.44
insulin_human	8	LEU	74.13
insulin_human	9	PRO	75.95
insulin_human	10	LEU	73.46
insulin_human	11	LEU	71.97
insulin_human	12	ALA	73.58
insulin_human	13	LEU	72.81
insulin_human	14	LEU	68.46
insulin_human	15	ALA	65.7
insulin_human	16	LEU	64.67
insulin_human	17	TRP	63.02
insulin_human	18	GLY	54.52
insulin_human	19	PRO	51.97
insulin_human	20	ASP	49.34
insulin_human	21	PRO	46.9
insulin_human	22	ALA	45.4
insulin_human	23	ALA	44.22
insulin_human	24	ALA	44.28
insulin_human	25	PHE	47.17
insulin_human	26	VAL	46.7
insulin_human	27	ASN	50.16
insulin_human	28	GLN	54.26
insulin_human	29	HIS	57.52
insulin_human	30	LEU	60.96
insulin_human	31	CYS	66.89
insulin_human	32	GLY	66.42
insulin_human	33	SER	70.43
insulin_human	34	HIS	73.51
insulin_human	35	LEU	74.59
insulin_human	36	VAL	76.76
insulin_human	37	GLU	77.32
insulin_human	38	ALA	78.47
insulin_human	39	LEU	78.65
insulin_human	40	TYR	80.18
insulin_human	41	LEU	81.93
insulin_human	42	VAL	80.47
insulin_human	43	CYS	82.77
insulin_human	44	GLY	79.31
insulin_human	45	GLU	76.6
insulin_human	46	ARG	80.8
insulin_human	47	GLY	76.51
insulin_human	48	PHE	74.75
insulin_human	49	PHE	65.72
insulin_human	50	TYR	60.45
insulin_human	51	THR	55.83
insulin_human	52	PRO	50.79
insulin_human	53	LYS	47.45
insulin_human	54	THR	45.64
insulin_human	55	ARG	44.17
insulin_human	56	ARG	39.01
insulin_human	57	GLU	40.25
insulin_human	58	ALA	39.97
insulin_human	59	GLU	39.65
insulin_human	60	ASP	38.1
insulin_human	61	LEU	40.56
insulin_human	62	GLN	38.45
insulin_human	63	VAL	36.78
insulin_human	64	GLY	36.32
insulin_human	65	GLN	37.73
insulin_human	66	VAL	41.29
insulin_human	67	GLU	38.01
insulin_human	68	LEU	39.02
insulin_human	69	GLY	35.48
insulin_human	70	GLY	37.42
insulin_human	71	GLY	35.74
insulin_human	72	PRO	35.92
insulin_human	73	GLY	33.48
insulin_human	74	ALA	34.47
insulin_human	75	GLY	35.12
insulin_human	76	SER	36.01
insulin_human	77	LEU	36.95
insulin_human	78	GLN	36.75
insulin_human	79	PRO	38.75
insulin_human	80	LEU	36.49
insulin_human	81	ALA	34.7
insulin_human	82	LEU	33.64
insulin_human	83	GLU	33.35
insulin_human	84	GLY	32.04
insulin_human	85	SER	34.12
insulin_human	86	LEU	34.33
insulin_human	87	GLN	36.24
insulin_human	88	LYS	40.83
insulin_human	89	ARG	43.82
insulin_human	90	GLY	54.86
insulin_human	91	ILE	61.64
insulin_human	92	VAL	65.07
insulin_human	93	GLU	63.94
insulin_human	94	GLN	65.38
insulin_human	95	CYS	68.59
insulin_human	96	CYS	66.74
insulin_human	97	THR	64.4
insulin_human	98	SER	65.74
insulin_human	99	ILE	65.03
insulin_human	100	CYS	71.33
insulin_human	101	SER	71.31
insulin_human	102	LEU	73.12
insulin_human	103	TYR	74.0
insulin_human	104	GLN	74.84
insulin_human	105	LEU	76.87
insulin_human	106	GLU	76.51
insulin_human	107	ASN	76.57
insulin_human	108	TYR	74.35
insulin_human	109	CYS	78.59
insulin_human	110	ASN	73.92
